20160101	0	20300101	0	50700	999999	0	0	5	202	1	毎日もらえる、にゃんこチケット！	ログインボーナスです。<br>にゃんこチケットがプレゼントされました☆	7	0	1
20160101	0	20300101	0	50700	999999	0	0	5000	901	1	カムバックキャンペーン！	復帰ユーザーさんに9日連続の応援ボーナス！	7	0	1
20181115	1100	20300101	0	80000	999999	0	0	5100	930	0	にゃんこクラブ☆ゴールド会員限定ログインスタンプ	ゴールド会員のあなたへにゃんこ軍団からのプレゼント！<br>1日30個ずつ、合計600個のネコカンをお届けにゃ！	7	0	1
20190610	0	20300101	0	80900	999999	0	1	0	0	2	0	50687	303	0		https://nyanko-webview.ponosgames.com/information/appli/battlecats/event/nekovitandayL1.html	100	0	1
20190628	1100	20300101	0	80200	80699	0	0	50698	303	0		https://ponosgames.com/information/appli/battlecats/event/20190628o.html	7	0	1
20190830	0	20300101	0	80700	80899	0	0	50761	303	0		https://ponosgames.com/information/appli/battlecats/event/20190830o.html	7	0	1
20190901	0	20300101	0	81000	999999	0	0	5110	807	0			0	0	0
20191222	0	20300101	0	80900	999999	0	1	0	1	22	0	0	50770	303	0		https://nyanko-webview.ponosgames.com/information/appli/battlecats/event/catmemorialdayL1.html	7	0	1
20201211	1100	20300101	1100	80900	100099	0	0	51090	300	0		https://nyanko-webview.ponosgames.com/information/appli/battlecats/event/20201211o.html	7	0	1
20210101	000	20300101	000	100200	999999	0	0	51101	29002	0			0	0	1
20210101	000	20300101	000	100200	999999	0	0	51102	29008	0			0	0	1
20210201	000	20300101	000	100300	999999	0	0	5120	819	0			100	0	0
20210401	400	20300101	0	100400	999999	0	12	1	101	400	103	400	0	0	0	1	201	400	203	400	0	0	0	1	301	400	303	400	0	0	0	1	401	400	403	400	0	0	0	1	501	400	503	400	0	0	0	1	601	400	603	400	0	0	0	1	701	400	703	400	0	0	0	1	801	400	803	400	0	0	0	1	901	400	903	400	0	0	0	1	1001	400	1003	400	0	0	0	1	1101	400	1103	400	0	0	0	1	1201	400	1203	400	0	0	0	51121	817	0			7	0	0
20210401	400	20300101	0	100400	999999	0	12	1	101	400	103	400	0	0	0	1	201	400	203	400	0	0	0	1	301	400	303	400	0	0	0	1	401	400	403	400	0	0	0	1	501	400	503	400	0	0	0	1	601	400	603	400	0	0	0	1	701	400	703	400	0	0	0	1	801	400	803	400	0	0	0	1	901	400	903	400	0	0	0	1	1001	400	1003	400	0	0	0	1	1101	400	1103	400	0	0	0	1	1201	400	1203	400	0	0	0	51122	818	0			7	0	0
20210410	0	20300101	0	100400	999999	0	1	0	3	10	11	12	0	0	51123	817	0			7	0	0
20210410	0	20300101	0	100400	999999	0	1	0	3	10	11	12	0	0	51124	818	0			7	0	0
20210422	0	20300101	0	100400	999999	0	1	0	3	22	23	24	0	0	51125	817	0			7	0	0
20210422	0	20300101	0	100400	999999	0	1	0	3	22	23	24	0	0	51126	818	0			7	0	0
20210531	000	20300101	000	100600	999999	0	0	51140	949	0	カムバックログインスタンプ☆	おひさしぶりにゃ～！カムバックしてくれたお礼に<br>毎日ログインで豪華アイテムプレゼントにゃ！	7	0	1
20220718	1100	20221115	1100	110700	999999	0	0	1868	301	0	←全画面告知の表示と同時に付与する		7	0	0	0	0
20220718	1100	20221115	1100	110700	999999	0	0	1869	302	0	←全画面告知の表示と同時に付与する		7	0	0	0	0
20220718	1100	20300101	000	110700	999999	0	0	1868	301	0	←全画面告知の表示と同時に付与する		7	0	0
20220718	1100	20300101	000	110700	999999	0	0	1869	302	0	←全画面告知の表示と同時に付与する		7	0	0
20221017	1100	20221108	1100	110902	999999	0	0	80057	11012	0			7	0	0
20221026	1100	20221101	1100	110902	999999	0	0	51271	827	0			7	0	0
20221101	000	20221102	000	110902	999999	0	0	51272	828	0			7	0	0
20221101	1100	20221107	1059	111000	999999	0	0	51273	833	0			300	0	0	0	0
20221101	1100	20221107	1059	111000	999999	0	0	51274	834	0			300	2	0	0	0
20221101	1100	20221116	0	111000	999999	0	0	1893	200	20	7800万ダウンロード記念☆	感謝感激！世界累計7800万ダウンロード突破を<br>記念して毎日ネコカン20個プレゼント！(11/15まで)	7	0	1	0	0
20221103	000	20221104	000	111000	999999	0	0	1894	203	1	文化の日記念☆	祝日感謝！文化の日を記念して<br>レアチケット１枚をプレゼント！	7	0	0
20221115	1100	20221129	1100	111000	999999	0	0	1895	301	0	←全画面告知の表示と同時に付与する		7	0	0	0	0
20221115	1100	20221129	1100	111000	999999	0	0	1896	302	0	←全画面告知の表示と同時に付与する		7	0	0	0	0
20221115	1100	20221204	1059	111000	999999	0	0	51276	831	0			7	0	0
20221115	1100	20221204	1059	111000	999999	0	0	51277	832	0			7	0	0
20221115	1100	20221227	1059	111000	999999	0	0	5201	814	0			7	0	0
20221115	1100	20230321	1059	111000	999999	0	0	51275	971	0	目指せレジェチケ！10周年記念ログインスタンプ	にゃんこ大戦争10年の出来事を振り返りながら<br>30日分のスタンプを貯め、レジェンドチケットをゲットしよう！(3/21まで)	7	0	1
20221115	1100	20300101	000	111000	999999	0	0	1895	301	0	←全画面告知の表示と同時に付与する		7	0	0
20221115	1100	20300101	000	111000	999999	0	0	1896	302	0	←全画面告知の表示と同時に付与する		7	0	0
20221122	000	20221123	000	80200	999999	0	0	1897	203	1	にゃんにゃん記念日☆	毎月22日はにゃんにゃん記念日！<br>大サービスで「レアチケット」を1枚プレゼント！	7	0	0
20221122	000	20221123	000	80200	999999	0	0	1898	220	1	にゃんにゃん記念日☆	毎月22日はにゃんにゃん記念日！<br>感謝の気持ちを込めて「リーダーシップ」を1枚プレゼント！	7	0	0
20221123	000	20221124	000	111000	999999	0	0	1899	203	1	勤労感謝の日記念☆	祝日感謝！勤労感謝の日を記念して<br>レアチケット１枚をプレゼント！	7	0	0
20221124	0	20221201	2359	120000	999999	0	0	51278	835	0			7	0	0	0	0
20221124	000	20221201	2359	120000	999999	0	0	51278	835	0			7	0	0
20221129	1100	20221213	1100	111000	999999	0	0	1900	301	0	←全画面告知の表示と同時に付与する		7	0	0	0	0
20221129	1100	20221213	1100	111000	999999	0	0	1901	302	0	←全画面告知の表示と同時に付与する		7	0	0	0	0
20221129	1100	20221227	1059	111000	999999	0	0	51279	829	0			7	0	0
20221129	1100	20300101	000	111000	999999	0	0	1900	301	0	←全画面告知の表示と同時に付与する		7	0	0
20221129	1100	20300101	000	111000	999999	0	0	1901	302	0	←全画面告知の表示と同時に付与する		7	0	0
20221201	000	20221202	000	111000	999999	0	0	51280	828	0			7	0	0
20221204	1100	20221227	1059	111000	999999	0	0	51281	831	0			7	0	0
20221204	1100	20221227	1059	111000	999999	0	0	51282	832	0			7	0	0
20221206	1100	20230103	1100	111000	999999	0	0	80058	11024	0			7	0	0
20221206	1100	20230104	1100	120000	999999	0	0	90000	33000	0			1300	0	0	0	0
20221213	1100	20221215	1100	120000	999999	0	0	51283	828	0			7	0	4
20221213	1100	20221215	1100	120000	999999	0	0	51284	835	0			7	0	2
20221213	1100	20221228	000	80200	999999	0	0	1904	200	20	7900万ダウンロード記念☆	感謝感激！世界累計7900万ダウンロード突破を<br>記念して毎日ネコカン20個プレゼント！(12/27まで)	7	0	1
20221213	1100	20230101	0	120000	999999	0	0	1902	301	0	←全画面告知の表示と同時に付与する		7	0	0	0	0
20221213	1100	20230101	0	120000	999999	0	0	1903	302	0	←全画面告知の表示と同時に付与する		7	0	0	0	0
20221213	1100	20300101	000	120000	999999	0	0	1902	301	0	←全画面告知の表示と同時に付与する		7	0	0
20221213	1100	20300101	000	120000	999999	0	0	1903	302	0	←全画面告知の表示と同時に付与する		7	0	0
20221222	0	20221223	0	120000	999999	0	0	1912	421	3	10周年イベントラストスパート☆	メモリアルガチャを回せる「伝説のフリーパス」をプレゼント！<br>ガチャを回し、レジェチケが貰える10周年限定ミッションのクリアを目指そう！	7	0	0	0	0
20221222	000	20221223	000	80200	999999	0	0	1905	203	1	にゃんにゃん記念日☆	毎月22日はにゃんにゃん記念日！<br>大サービスで「レアチケット」を1枚プレゼント！	7	0	0
20221222	000	20221223	000	80200	999999	0	0	1906	220	1	にゃんにゃん記念日☆	毎月22日はにゃんにゃん記念日！<br>感謝の気持ちを込めて「リーダーシップ」を1枚プレゼント！	7	0	0
20221223	000	20221224	000	120000	999999	0	0	1913	421	3	10周年イベントラストスパート☆	メモリアルガチャを回せる「伝説のフリーパス」をプレゼント！<br>ガチャを回し、レジェチケが貰える10周年限定ミッションのクリアを目指そう！	7	0	0
20221224	000	20221225	000	120000	999999	0	0	1914	421	3	10周年イベントラストスパート☆	メモリアルガチャを回せる「伝説のフリーパス」をプレゼント！<br>ガチャを回し、レジェチケが貰える10周年限定ミッションのクリアを目指そう！	7	0	0
20221224	000	20221225	000	80200	999999	0	0	1907	203	1	メリークリスマス☆	メリークリスマス！ホワイトにゃんこからの贈り物！！<br>ユーザー全員にレアチケット１枚をプレゼント！	7	0	0
20221225	000	20221226	000	120000	999999	0	0	1915	421	3	10周年イベントラストスパート☆	メモリアルガチャを回せる「伝説のフリーパス」をプレゼント！<br>ガチャを回し、レジェチケが貰える10周年限定ミッションのクリアを目指そう！	7	0	0
20221225	000	20221226	000	80200	999999	0	0	1908	203	1	メリークリスマス☆	メリークリスマス！ホワイトにゃんこからの贈り物！！<br>ユーザー全員にレアチケット１枚をプレゼント！	7	0	0
20221226	000	20221227	000	120000	999999	0	0	1916	421	3	10周年イベントラストスパート☆	メモリアルガチャを回せる「伝説のフリーパス」をプレゼント！<br>ガチャを回し、レジェチケが貰える10周年限定ミッションのクリアを目指そう！	7	0	0
20221226	000	20230104	1100	80200	999999	0	0	1918	220	1	「地底迷宮」の終了日時表記についてのお詫び	「地底迷宮」のイベント終了日時について、表記の不備がありました。<br>詳しくはアプリ内告知をご確認ください。	7	0	0
20221227	0	20221227	1100	120000	999999	0	0	1917	421	3	10周年イベントラストスパート☆	メモリアルガチャを回せる「伝説のフリーパス」をプレゼント！<br>ガチャを回し、レジェチケが貰える10周年限定ミッションのクリアを目指そう！	7	0	0	0	0
20221227	1100	20230101	000	120000	999999	0	0	51286	827	0			7	0	0
20221227	1100	20230116	1100	120000	999999	0	0	51285	906	0	年末年始イベント開催記念スタンプ	イベント期間中にログインすると、１日１回スタンプを押してもらえるにゃ！<br>スタンプを貯めて便利なアイテムやXPをゲット！	7	0	1
20221228	1200	20230116	000	80200	999999	0	0	1909	200	100	『にゃんこからのお願い』SNSキャンペーン	キャンペーン全体の応答件数が10万件を突破！ありがとうにゃ～！<br>お礼に「ネコカン」100個をプレゼント！	7	0	0
20221228	1200	20230116	000	80200	999999	0	0	1910	220	3	『にゃんこからのお願い』SNSキャンペーン	キャンペーン全体の応答件数が10万件を突破！ありがとうにゃ～！<br>お礼に「リーダーシップ」3枚をプレゼント！	7	0	0
20221228	1200	20230116	000	80200	999999	0	0	1911	200	100	「ネコ道場」10周年記念イベントキャンペーン	イベント参加人数が100000人を突破したので、「ネコカン」を100個プレゼント！<br>たくさん参加してくれてありがとうにゃ～！	7	0	0
20230101	0	20230417	1100	120000	999999	0	0	1919	301	0	←全画面告知の表示と同時に付与する		7	0	0	0	0
20230101	0	20230417	1100	120000	999999	0	0	1920	302	0	←全画面告知の表示と同時に付与する		7	0	0	0	0
20230101	000	20230102	000	120000	999999	0	0	1921	203	1	謹賀新年☆2023	元日から遊んでくれてありがとうにゃ♪<br>今日だけ特別！レアチケット１枚をプレゼント！	7	0	0
20230101	000	20230102	000	120000	999999	0	0	51287	828	0			7	0	4
20230101	000	20230102	000	120000	999999	0	0	51288	835	0			7	0	2
20230101	000	20230116	1059	120000	999999	0	0	51289	830	0			7	0	0
20230101	000	20230116	1059	120000	999999	0	0	51290	833	0			300	0	0
20230101	000	20230116	1059	120000	999999	0	0	51291	834	0			300	2	0
20230101	000	20300101	000	120000	999999	0	0	1919	301	0	←全画面告知の表示と同時に付与する		7	0	0
20230101	000	20300101	000	120000	999999	0	0	1920	302	0	←全画面告知の表示と同時に付与する		7	0	0
20230109	000	20230110	000	80200	999999	0	0	1922	203	1	成人の日記念☆	祝日感謝！成人の日を記念して<br>レアチケット１枚をプレゼント！	7	0	0
20230116	1100	20230130	1100	120000	999999	0	0	51292	959	0	春節イベント記念☆	イベント期間中にログインすると、１日１回スタンプを押してもらえるにゃ！<br>スタンプを貯めて便利なアイテムをゲット！	7	0	1
20230116	1100	20230130	1100	120000	999999	0	0	51293	803	0			7	0	0
20230117	000	20230121	2359	120100	999999	0	0	51295	836	0			7	0	0
20230120	1100	20230123	1100	120000	999999	0	0	51294	827	0			7	0	0
20230122	000	20230123	000	80200	999999	0	0	1923	203	1	にゃんにゃん記念日☆	毎月22日はにゃんにゃん記念日！<br>大サービスで「レアチケット」を1枚プレゼント！	7	0	0
20230122	000	20230123	000	80200	999999	0	0	1924	220	1	にゃんにゃん記念日☆	毎月22日はにゃんにゃん記念日！<br>感謝の気持ちを込めて「リーダーシップ」を1枚プレゼント！	7	0	0
20230126	1100	20230220	1100	120100	999999	0	0	90001	33000	0			1300	0	0
20230130	1100	20230213	1100	120100	999999	0	0	51296	976	0	劇場版「Fate/stay night [Heaven's Feel]」コラボイベント開催記念スタンプ	イベント期間中にログインすると、１日１回スタンプを押してもらえるにゃ！<br>スタンプを貯めて便利なアイテムや限定コラボキャラをゲット！！	7	0	1
20230130	1100	20230213	1100	120100	999999	0	0	51297	977	0	劇場版「Fate/stay night [Heaven's Feel]」コラボ記念SNSキャンペーン	キャンペーン全体のいいね＆リツイート&リプライ数が10000件を突破！<br>お礼に限定キャラ「ちび桜」と「レアチケット+1」をプレゼント！	7	0	1
20230130	1100	20230213	1100	80200	999999	0	0	1925	220	1	劇場版「Fate/stay night [Heaven's Feel]」コラボについてのお詫び	本コラボより新規に開放された「間桐 桜」第3形態の進化につきまして<br>開放タイミングの遅延が発生しております。詳しくはアプリ内告知をご確認ください。	7	0	0	0	0
20230130	1100	20230220	1100	120100	999999	0	0	80059	11006	0			7	0	0
20230201	000	20230202	000	120100	999999	0	0	51300	828	0			7	0	4
20230201	000	20230202	000	120100	999999	0	0	51301	835	0			7	0	2
20230201	1100	20230213	1059	120100	999999	0	0	51298	833	0			300	0	0
20230201	1100	20230213	1059	120100	999999	0	0	51299	834	0			300	2	0
20230209	1100	20230210	0	80200	999999	0	0	1926	201	1	バレンタインイベント記念☆	「バレンタインギャルズ」に登場中のバレンタインねねこからちょっと早めの義理チョコ！<br>なんと経験値「XP＋1」をプレゼント！イベントは2/13(11:00)より開催予定！	7	0	0	0	0
20230210	0	20230211	0	80200	999999	0	0	1927	201	1	バレンタインイベント記念☆	「バレンタインギャルズ」に登場中の恋女神ショコラディーテからちょっと早めの義理チョコ！<br>なんと経験値「XP＋1」をプレゼント！イベントは2/13(11:00)より開催予定！	7	0	0	0	0
20230211	0	20230212	0	80200	999999	0	0	1928	201	1	バレンタインイベント記念☆	「バレンタインギャルズ」に登場中の初恋令嬢メルシュからちょっと早めの義理チョコ！<br>なんと経験値「XP＋1」をプレゼント！イベントは2/13(11:00)より開催予定！	7	0	0	0	0
20230211	000	20230212	000	80200	999999	0	0	1934	203	1	建国記念の日記念☆	祝日感謝！建国記念の日を記念して<br>レアチケット１枚をプレゼント！	7	0	0
20230212	0	20230213	0	80200	999999	0	0	1929	201	1	バレンタインイベント記念☆	「バレンタインギャルズ」に登場中の白い恋人メカ子からちょっと早めの義理チョコ！<br>なんと経験値「XP＋1」をプレゼント！イベントは2/13(11:00)より開催予定！	7	0	0	0	0
20230213	0	20230214	0	80200	999999	0	0	1930	201	1	バレンタインイベント記念☆	にゃんこからの義理チョコ！なんと経験値「XP＋1」をプレゼント！	7	0	0	0	0
20230213	000	20230214	000	80200	999999	0	0	1931	200	30	バレンタインイベント記念☆	にゃんこからの本命チョコ！バレンタインを記念してネコカン30個をプレゼント！<br>明日はもっといいモノが！？	7	0	0
20230214	0	20230215	0	80200	999999	0	0	1932	201	1	バレンタインイベント記念☆	にゃんこからの義理チョコ！なんと経験値「XP＋1」をプレゼント！	7	0	0	0	0
20230214	000	20230215	000	80200	999999	0	0	1933	203	1	バレンタインイベント記念☆	にゃんこからの大本命チョコ！！！<br>バレンタインを記念してなんとレアチケットをプレゼント！	7	0	0
20230217	1100	20230227	1100	120100	999999	0	0	51302	827	0			7	0	0
20230222	000	20230223	000	80200	999999	0	0	1935	203	1	にゃんにゃん記念日☆	毎月22日はにゃんにゃん記念日！<br>大サービスで「レアチケット」を1枚プレゼント！	7	0	0
20230222	000	20230223	000	80200	999999	0	0	1936	220	1	にゃんにゃん記念日☆	毎月22日はにゃんにゃん記念日！<br>感謝の気持ちを込めて「リーダーシップ」を1枚プレゼント！	7	0	0
20230222	1100	20230301	1059	120100	999999	0	0	51303	960	0	「ネコたちの逆襲」イベント特別記念スタンプ	ネコたちの逆襲イベント開催中！<br>スタンプを貯めて便利なアイテムをゲット！！襲い来る敵に備えよ…！！	7	0	1
20230223	0	20230224	0	120100	999999	0	0	1939	203	1	祝日感謝☆	祝日感謝！今日だけ特別大サービス！<br>レアチケット１枚をプレゼント！	7	0	0	0	0
20230227	1100	20230313	1100	120100	999999	0	0	51304	836	0			7	0	0
20230227	1100	20230313	2359	120100	999999	0	0	51305	975	0	8000万ダウンロード記念☆	イベント期間中にログインすると、１日１回スタンプを押してもらえるにゃ！<br>レアチケット、にゃんこチケットを最大合計8枚ゲット！(3/13まで)	7	0	1
20230301	000	20230302	000	120100	999999	0	0	51308	828	0			7	0	4
20230301	000	20230302	000	120100	999999	0	0	51309	835	0			7	0	2
20230301	1100	20230304	1059	120100	999999	0	0	51306	833	0			300	0	0
20230301	1100	20230304	1059	120100	999999	0	0	51307	834	0			300	2	0
20230306	1100	20230328	1100	120100	999999	0	0	80060	11013	0			7	0	0
20230306	1100	20230403	1059	120100	999999	0	0	51310	974	0	「トキメキにゃんこ学園」学園生活応援スタンプ☆	にゃんこ学園イベントを記念して特別ボーナス！<br>恋も勉強も両立！伝説のラブレターを集めて学園生活を充実させよう！（4/3まで）	7	0	1
20230306	1100	20230403	1100	120100	999999	0	0	5200	805	0			7	0	0
20230306	1100	20230403	1100	120100	999999	0	0	5220	820	0			1	0	0
20230307	700	20230403	859	120100	999999	0	1	0	0	0	1	700	900	51311	973	0	「トキメキにゃんこ学園」生徒出席簿	トキメキにゃんこ学園イベントを記念して特別ボーナス！めざせ無遅刻無欠席！<br>毎朝7時～9時限定で出席確認！ログインでアイテムプレゼント！（4/3まで）	7	0	1	0	0
20230313	1100	20230314	000	80200	999999	0	0	1942	0	1	ホワイトデー記念☆	ホワイトデーを記念して3/19まで毎日アイテムプレゼント！<br>バレンタインのお返しにとてもいいものがもらえる予感…！？	7	0	0
20230313	1100	20230327	1059	80200	999999	0	0	1940	202	4	8000万DL記念チャレンジ☆	合計のクリア回数が8000万回を突破したので、「にゃんこチケット」を4枚プレゼント！<br>たくさん参加してくれてありがとうにゃ～！	7	0	0
20230313	1100	20230327	1059	80200	999999	0	0	1941	203	4	8000万DL記念チャレンジ☆	合計のクリア回数が8000万回を突破したので、「レアチケット」を4枚プレゼント！<br>たくさん参加してくれてありがとうにゃ～！	7	0	0
20230314	000	20230315	000	80200	999999	0	0	1943	203	1	ホワイトデー記念☆	にゃんこから大本命のお返し！なんと「レアチケット１枚」をプレゼント！<br>明日もいいモノがもらえる予感！？	7	0	0
20230315	000	20230316	000	80200	999999	0	0	1944	200	20	ホワイトデー記念☆	「ホワイトデーガチャ」に登場中の恋番長・鬼にゃんまからちょっと遅めのお返し！<br>なんと「ネコカン20個」をプレゼント！	7	0	0
20230315	1100	20230409	1100	120200	999999	0	0	90002	33000	0			1300	0	0
20230316	000	20230317	000	80200	999999	0	0	1945	200	30	ホワイトデー記念☆	「ホワイトデーガチャ」に登場中の白執事探偵ヴィグラーからちょっと遅めのお返し！<br>なんと「ネコカン30個」をプレゼント！	7	0	0
20230317	000	20230318	000	80200	999999	0	0	1946	2	1	ホワイトデー記念☆	「ホワイトデーガチャ」開催記念！3/19まで毎日アイテムプレゼント！	7	0	0
20230317	1100	20230320	1100	120100	999999	0	0	51312	827	0			7	0	0
20230318	000	20230319	000	80200	999999	0	0	1947	5	1	ホワイトデー記念☆	「ホワイトデーガチャ」開催記念！3/19まで毎日アイテムプレゼント！	7	0	0
20230319	000	20230320	000	80200	999999	0	0	1948	1	1	ホワイトデー記念☆	「ホワイトデーガチャ」開催記念！3/19まで毎日アイテムプレゼント！	7	0	0
20230320	1100	20230417	1100	120200	999999	0	0	51313	980	0	「シン・ジャパン・ヒーローズ・ユニバース」コラボ記念☆	イベント期間中にログインすると、1日1回スタンプを押してもらえるにゃ！<br>スタンプを貯めてレアチケ＆にゃんチケ最大5枚ずつゲット！(4/17まで)	7	0	1	0	0
20230321	000	20230322	000	80200	999999	0	0	1949	203	1	春分の日記念☆	祝日感謝！春分の日を記念して<br>レアチケット１枚をプレゼント！	7	0	0
20230322	000	20230323	000	80200	999999	0	0	1950	203	1	にゃんにゃん記念日☆	毎月22日はにゃんにゃん記念日！<br>大サービスで「レアチケット」を1枚プレゼント！	7	0	0
20230322	000	20230323	000	80200	999999	0	0	1951	220	1	にゃんにゃん記念日☆	毎月22日はにゃんにゃん記念日！<br>感謝の気持ちを込めて「リーダーシップ」を1枚プレゼント！	7	0	0
20230324	1100	20230403	1100	120200	999999	0	0	51314	833	0			300	0	0	0	0
20230324	1100	20230403	1100	120200	999999	0	0	51315	834	0			300	2	0	0	0
20230331	1100	20230403	1100	120200	999999	0	0	51314	833	0			300	0	0
20230331	1100	20230403	1100	120200	999999	0	0	51315	834	0			300	2	0
20230401	0	20230402	0	80200	999999	0	0	1952	202	1	「にゃんこ大戦争」映画化記念！	劇場版「にゃんこ大戦争」の制作決定を記念して<br>「にゃんこチケット」を1枚プレゼント！(詳細は公式SNSをチェック！)	7	0	0	0	0
20230401	000	20230402	000	120200	999999	0	0	51316	828	0			7	0	4
20230401	000	20230402	000	120200	999999	0	0	51317	835	0			7	0	2
20230401	000	20230402	000	80200	999999	0	0	1952	202	1	「にゃんこ大戦争」映画化記念！	「劇場版 にゃんこ大戦争」の制作決定を記念して<br>「にゃんこチケット」を1枚プレゼント！(詳細は公式SNSをチェック！)	7	0	0
20230403	1100	20230417	1100	120200	999999	0	0	51318	979	0	イースターイベント参加記念☆	1日1個見つかるイースターエッグの中から何が出てくる！？ <br>毎日ログインして便利なアイテムをゲットしよう！(4/17まで)	7	0	1	0	0
20230403	1100	20230417	1100	120200	999999	0	0	51318	979	0	イースターイベント開催記念スタンプ	イベント期間中にログインすると、１日１回スタンプを押してもらえるにゃ！<br>スタンプを貯めて便利なアイテムやXPをゲット！	7	0	1	0	0
20230403	1100	20230418	000	80200	999999	0	0	1953	200	20	8100万ダウンロード記念☆	感謝感激！世界累計8100万ダウンロード突破を<br>記念して毎日ネコカン20個プレゼント！(4/17まで)	7	0	1
20230417	1100	20230418	000	120300	999999	0	0	1956	201	1	タンクネコから10と1/2周年のお祝い☆	来てくれてありがとうにゃ！記念品をお渡しするにゃ。<br>今日は「XP+1」をプレゼント！	7	0	0
20230417	1100	20230418	000	120300	999999	0	0	1957	201	10000	タンクネコから10と1/2周年のお祝い☆	あっ！記念品の中身を間違えちゃったにゃ～！<br>「XP+10,000」が正しかったにゃ！次は間違えないようにするにゃ～！	7	0	0
20230417	1100	20230501	1100	120300	999999	0	0	1954	301	0	←全画面告知の表示と同時に付与する		7	0	0	0	0
20230417	1100	20230501	1100	120300	999999	0	0	1955	302	0	←全画面告知の表示と同時に付与する		7	0	0	0	0
20230417	1100	20230501	1100	120300	999999	0	0	51320	831	0			7	0	0
20230417	1100	20230501	1100	120300	999999	0	0	51321	832	0			7	0	0
20230417	1100	20230515	1100	120300	999999	0	0	5201	814	0			7	0	0
20230417	1100	20231015	1100	120300	999999	0	0	51319	981	0	10と1/2周年記念イベント開催記念スタンプ	イベント期間中にログインすると、1日1回スタンプを押してもらえるにゃ！<br>スタンプを貯めて便利なアイテムをゲット！！(10/15まで)	7	0	1
20230417	1100	20300101	000	120300	999999	0	0	1954	301	0	←全画面告知の表示と同時に付与する		7	0	0
20230417	1100	20300101	000	120300	999999	0	0	1955	302	0	←全画面告知の表示と同時に付与する		7	0	0
20230418	000	20230419	000	120300	999999	0	0	1958	201	2	タンクネコから10と1/2周年のお祝い☆	いつも遊んでくれてありがとうにゃ！記念品をお渡しするにゃ。<br>「XP+2」をプレゼント！	7	0	0
20230418	000	20230419	000	120300	999999	0	0	1959	201	20000	タンクネコから10と1/2周年のお祝い☆	あっ！記念品の中身を間違えちゃったにゃ～！<br>「XP+20,000」が正しかったにゃ！次は間違えないようにするにゃ～！	7	0	0
20230422	000	20230423	000	120300	999999	0	0	1960	201	3	タンクネコから10と1/2周年のお祝い☆	お休みの日も遊んでくれてありがとうにゃ！記念品をお渡しするにゃ。<br>「XP+3」をプレゼント！	7	0	0
20230422	000	20230423	000	120300	999999	0	0	1961	201	30000	タンクネコから10と1/2周年のお祝い☆	あっ！記念品の中身を間違えちゃったにゃ～！<br>「XP+30,000」が正しかったにゃ！次は間違えないようにするにゃ～！	7	0	0
20230422	000	20230423	000	120300	999999	0	0	1962	203	1	にゃんにゃん記念日☆	毎月22日はにゃんにゃん記念日！<br>大サービスで「レアチケット」を1枚プレゼント！	7	0	0
20230422	000	20230423	000	120300	999999	0	0	1963	220	1	にゃんにゃん記念日☆	毎月22日はにゃんにゃん記念日！<br>感謝の気持ちを込めて「リーダーシップ」を1枚プレゼント！	7	0	0
20230424	1100	20230522	1100	120300	999999	0	0	80061	11024	0			7	0	0
20230429	000	20230430	000	120300	999999	0	0	1964	263	1	昭和の日　レアチケプレゼント☆	今日は「昭和の日」にゃ！<br>祝日恒例の「福引チケット+1」をプレゼント！	7	0	0
20230429	000	20230430	000	120300	999999	0	0	1965	203	1	昭和の日　レアチケプレゼント☆	あっ！違うチケットを渡しちゃったにゃ！<br>「レアチケ+1」をプレゼント！次回は間違えないようにするにゃ～！	7	0	0
20230501	000	20230502	000	120300	999999	0	0	1966	200	2	タンクネコから10と1/2周年のお祝い☆	いつも遊んでくれてありがとうにゃ！記念品をお渡しするにゃ。<br>「ネコカン2個」をプレゼント！	7	0	0
20230501	000	20230502	000	120300	999999	0	0	1967	200	20	タンクネコから10と1/2周年のお祝い☆	あっ！記念品の中身を間違えちゃったにゃ～！<br>「ネコカン20個」が正しかったにゃ！次は間違えないようにするにゃ～！	7	0	0
20230501	000	20230502	000	120300	999999	0	0	51322	828	0			7	0	4
20230501	000	20230502	000	120300	999999	0	0	51323	835	0			7	0	2
20230501	000	20230601	000	120300	999999	0	0	1968	201	10000	10と1/2周年記念！初心者応援ログインボーナス！	遊びに来てくれてうれしいにゃ～<br>ゲーム序盤の攻略に役立つ「XP+10,000」を期間限定でプレゼント中！	7	2	0
20230501	1100	20230515	1100	120300	999999	0	0	51324	831	0			7	0	0
20230501	1100	20230515	1100	120300	999999	0	0	51325	832	0			7	0	0
20230501	1100	20230515	1100	120300	999999	0	0	51326	829	0			7	0	0
20230501	1100	20230601	1100	120300	999999	0	0	1969	301	0	←全画面告知の表示と同時に付与する		7	0	0	0	0
20230501	1100	20230601	1100	120300	999999	0	0	1970	302	0	←全画面告知の表示と同時に付与する		7	0	0	0	0
20230501	1100	20300101	000	120300	999999	0	0	1969	301	0	←全画面告知の表示と同時に付与する		7	0	0
20230501	1100	20300101	000	120300	999999	0	0	1970	302	0	←全画面告知の表示と同時に付与する		7	0	0
20230503	000	20230504	000	120300	999999	0	0	1971	263	1	憲法記念日　レアチケプレゼント☆	今日は「憲法記念日」にゃ！<br>祝日恒例の「福引チケット+1」をプレゼント！	7	0	0
20230503	000	20230504	000	120300	999999	0	0	1972	203	1	憲法記念日　レアチケプレゼント☆	あっ！違うチケットを渡しちゃったにゃ！<br>「レアチケ+1」が正しかったにゃ！次は間違えないようにするにゃ～！	7	0	0
20230504	0	20230505	0	80200	999999	0	0	1973	203	1	みどりの日記念☆	祝日感謝！みどりの日を記念してレアチケット１枚をプレゼント！<br>明日も祝日☆明日もレアチケをプレゼント☆	7	0	0	0	0
20230505	0	20230506	0	80200	999999	0	0	1974	203	1	こどもの日記念☆	祝日感謝！こどもの日を記念して<br>レアチケット１枚をプレゼント！	7	0	0	0	0
20230508	1200	20230515	1159	120300	999999	0	0	1977	200	105	タンクネコ応援SNSキャンペーン☆	みんなのおかげでタンクネコのやる気ゲージがMAXになったにゃ！<br>感謝の気持ちを込めて「ネコカン105個」をプレゼント！	7	0	0
20230508	1200	20230515	1159	120300	999999	0	0	1978	203	1	タンクネコ応援SNSキャンペーン☆	みんなのおかげでタンクネコのやる気ゲージがMAXになったにゃ！<br>感謝の気持ちを込めて「レアチケット1枚」をプレゼント！	7	0	0
20230513	000	20230514	000	120300	999999	0	0	1975	202	1	タンクネコから10と1/2周年のお祝い☆	10と1/2周年のイベント終盤にも遊んでくれてありがとうにゃ！<br>感謝の気持ちを込めて「にゃんチケ+1」をプレゼント！	7	0	0
20230513	000	20230514	000	120300	999999	0	0	1976	203	1	タンクネコから10と1/2周年のお祝い☆	なんと今回は記念品を間違えなかったにゃ！<br>間違えなかった記念に「レアチケ+1」もプレゼントにゃ～！	7	0	0
20230515	1100	20230529	1100	120300	999999	0	0	51327	943	0	「消滅都市」コラボイベント復刻開催記念スタンプ	イベント期間中にログインすると、１日１回スタンプを押してもらえるにゃ！<br>スタンプを貯めて便利なアイテムや限定キャラクターをゲット！！	7	0	1
20230517	1100	20230612	1100	120300	999999	0	0	90003	33000	0			1300	0	0
20230519	1100	20230522	1100	120300	999999	0	0	51328	827	0			7	0	0
20230522	000	20230523	000	80200	999999	0	0	1979	203	1	にゃんにゃん記念日☆	毎月22日はにゃんにゃん記念日！<br>大サービスで「レアチケット」を1枚プレゼント！	7	0	0
20230522	000	20230523	000	80200	999999	0	0	1980	220	1	にゃんにゃん記念日☆	毎月22日はにゃんにゃん記念日！<br>感謝の気持ちを込めて「リーダーシップ」を1枚プレゼント！	7	0	0
20230522	1100	20230606	000	80200	999999	0	0	1981	200	20	8200万ダウンロード記念☆	感謝感激！世界累計8200万ダウンロード突破を<br>記念して毎日ネコカン20個プレゼント！(6/5まで)	7	0	1
20230601	000	20230602	000	120300	999999	0	0	51329	828	0			7	0	4
20230601	000	20230602	000	120300	999999	0	0	51330	835	0			7	0	2
20230601	1100	20230606	1100	120400	999999	0	0	51331	833	0			300	0	0	0	0
20230601	1100	20230606	1100	120400	999999	0	0	51332	834	0			300	2	0	0	0
20230601	1100	20230615	1100	120400	999999	0	0	51333	924	0	「エヴァンゲリオン」コラボイベント開催記念スタンプ	イベント期間中にログインすると、1日1回スタンプを押してもらえるにゃ！<br>スタンプを貯めて便利なアイテムや限定キャラクターをゲット！(6/15まで)	7	0	1
20230601	1100	20230615	1100	120400	999999	0	0	51334	982	0	「エヴァンゲリオン」コラボイベント開催記念☆	コラボイベントの開催を記念して、<br>限定キャラ「ちびカヲル」と「レアチケット+1」をプレゼント！	7	0	1
20230601	1100	20230721	1100	120400	999999	0	0	1982	301	0	←全画面告知の表示と同時に付与する		7	0	0	0	0
20230601	1100	20230721	1100	120400	999999	0	0	1983	302	0	←全画面告知の表示と同時に付与する		7	0	0	0	0
20230601	1100	20300101	000	120400	999999	0	0	1982	301	0	←全画面告知の表示と同時に付与する		7	0	0
20230601	1100	20300101	000	120400	999999	0	0	1983	302	0	←全画面告知の表示と同時に付与する		7	0	0
20230610	1100	20230618	1100	120400	999999	0	0	51335	827	0			7	0	0
20230619	1100	20230710	1100	120400	999999	0	0	51336	965	0	「悪魔のジューンブライド」参列記念！	イベント期間中、1日1回結婚式の引き出物を受け取れるにゃ！<br>毎日参列して、様々な記念品をゲットしよう！(7/10まで)	7	0	1	0	0
20230622	000	20230623	000	120400	999999	0	0	1984	203	1	にゃんにゃん記念日☆	毎月22日はにゃんにゃん記念日！<br>大サービスで「レアチケット」を1枚プレゼント！	7	0	0
20230622	000	20230623	000	120400	999999	0	0	1985	220	1	にゃんにゃん記念日☆	毎月22日はにゃんにゃん記念日！<br>感謝の気持ちを込めて「リーダーシップ」を1枚プレゼント！	7	0	0
20230626	1100	20230711	000	120400	999999	0	0	1986	200	20	8300万ダウンロード記念☆	感謝感激！世界累計8300万ダウンロード突破を<br>記念して毎日ネコカン20個プレゼント！(7/10まで)	7	0	1
20230701	000	20230702	000	120400	999999	0	0	51337	828	0			7	0	4
20230701	000	20230702	000	120400	999999	0	0	51338	835	0			7	0	2
20230701	1100	20230710	1100	120400	999999	0	0	51339	833	0			300	0	0
20230701	1100	20230710	1100	120400	999999	0	0	51340	834	0			300	2	0
20230707	0	20230823	0	120501	999999	0	0	1988	1	10	アップデートによるバトルアイテム不具合のお詫び	バージョン12.5.0のお詫びとしてトレジャーレーダーが10個送られました。<br>詳細はアプリ内「運営からのお知らせ」をご確認ください。	1	0	0	0	0
20230707	0	20230823	0	120501	999999	0	0	1989	4	10	アップデートによるバトルアイテム不具合のお詫び	バージョン12.5.0のお詫びとしておかめはちもくが10個送られました。<br>詳細はアプリ内「運営からのお知らせ」をご確認ください。	1	0	0	0	0
20230710	1100	20230724	1100	120501	999999	0	0	51341	933	0	「ケリ姫スイーツ」コラボイベント開催記念☆	イベント期間中にログインすると、１日１回スタンプを押してもらえるにゃ！<br>スタンプを貯めて便利なアイテムや限定コラボキャラをゲット！！(7/24まで)	7	0	1
20230710	1100	20230731	1100	120501	999999	0	0	80062	11008	0			7	0	0
20230714	000	20230716	2359	120501	999999	0	0	51342	983	0	BitSummit　協賛記念☆	京都で開催のインディーズゲームの祭典<br>「BitSummit Let’s Go!!」の協賛を記念してネコカン11個をプレゼント！	7	0	1
20230714	1100	20230717	1100	120501	999999	0	0	51343	827	0			7	0	0
20230717	000	20230718	000	120501	999999	0	0	1987	203	1	海の日記念☆	祝日感謝！海の日を記念して<br>レアチケット１枚をプレゼント！	7	0	0
20230721	1100	20230724	1100	120501	999999	0	0	1998	200	30	イベント不具合のお詫び	「レジェンドクエスト」ステージ不具合のお詫びでネコカン30個が送られました。<br>詳細はアプリ内「運営からのお知らせ」をご確認ください。	7	0	0
20230721	1100	20230811	1100	120501	999999	0	0	51346	830	0			7	0	0
20230721	1100	20230901	1100	120501	999999	0	0	51344	966	0	「ねこのなつやすみ」自由研究応援スタンプ☆	なつやすみイベントを記念して特別ボーナス！<br>虫取り網でたくさん虫を捕まえて、自由研究を進めよう！（9/1まで）	7	0	1
20230721	1100	20230901	1100	120501	999999	0	0	51345	803	0			7	0	0
20230721	1100	20231115	1100	120501	999999	0	0	1990	301	0	←全画面告知の表示と同時に付与する		7	0	0	0	0
20230721	1100	20231115	1100	120501	999999	0	0	1991	302	0	←全画面告知の表示と同時に付与する		7	0	0	0	0
20230721	1100	20300101	000	120501	999999	0	0	1990	301	0	←全画面告知の表示と同時に付与する		7	0	0
20230721	1100	20300101	000	120501	999999	0	0	1991	302	0	←全画面告知の表示と同時に付与する		7	0	0
20230722	000	20230723	000	120501	999999	0	0	1992	203	1	にゃんにゃん記念日☆	毎月22日はにゃんにゃん記念日！<br>大サービスで「レアチケット」を1枚プレゼント！	7	0	0
20230722	000	20230723	000	120501	999999	0	0	1993	220	1	にゃんにゃん記念日☆	毎月22日はにゃんにゃん記念日！<br>感謝の気持ちを込めて「リーダーシップ」を1枚プレゼント！	7	0	0
20230722	600	20230901	800	120501	999999	0	1	0	0	0	1	600	800	51347	967	0	 「ねこのなつやすみ」ラジオ体操出席カード	なつやすみイベントを記念して特別ボーナス！<br>毎朝6時～8時限定でアイテムプレゼント！（9/1まで）	7	0	1	0	0
20230801	000	20230802	000	120501	999999	0	0	51348	828	0			7	0	4
20230801	000	20230802	000	120501	999999	0	0	51349	835	0			7	0	2
20230801	1100	20230804	1100	120501	999999	0	0	51350	833	0			300	0	0
20230801	1100	20230804	1100	120501	999999	0	0	51351	834	0			300	2	0
20230804	1100	20230819	000	120501	999999	0	0	1994	200	20	8400万ダウンロード記念☆	感謝感激！世界累計8400万ダウンロード突破を<br>記念して毎日ネコカン20個プレゼント！(8/18まで)	7	0	1
20230804	1100	20230901	1100	120501	999999	0	0	51352	836	0			7	0	0
20230811	000	20230812	000	120501	999999	0	0	1995	203	1	山の日記念☆	祝日感謝！山の日を記念して<br>レアチケット1枚をプレゼント！	7	0	0
20230811	1100	20230901	1100	120501	999999	0	0	51353	830	0			7	0	0
20230818	1100	20230901	1100	120501	999999	0	0	80063	11007	0			7	0	0
20230822	000	20230823	000	120501	999999	0	0	1996	203	1	にゃんにゃん記念日☆	毎月22日はにゃんにゃん記念日！<br>大サービスで「レアチケット」を1枚プレゼント！	7	0	0
20230822	000	20230823	000	120501	999999	0	0	1997	220	1	にゃんにゃん記念日☆	毎月22日はにゃんにゃん記念日！<br>感謝の気持ちを込めて「リーダーシップ」を1枚プレゼント！	7	0	0
20230831	1100	20230926	1100	120600	999999	0	0	90004	33000	0			1300	0	0
20230901	000	20230902	000	120600	999999	0	0	51354	828	0			7	0	4
20230901	000	20230902	000	120600	999999	0	0	51355	835	0			7	0	2
20230901	1100	20230904	1100	120600	999999	0	0	51358	833	0			300	0	0
20230901	1100	20230904	1100	120600	999999	0	0	51359	834	0			300	2	0
20230901	1100	20230915	1059	120600	999999	0	0	5202	815	0			7	0	0
20230901	1100	20230915	1100	120600	999999	0	0	51356	984	0	 「城とドラゴン」コラボイベント開催記念スタンプ	イベント期間中にログインすると、1日1回スタンプを押してもらえるにゃ！<br>スタンプを貯めて便利なアイテムや限定キャラクターをゲット！(9/15まで)	7	0	1
20230901	1100	20230921	000	120600	999999	0	0	1999	200	20	8500万ダウンロード記念☆	感謝感激！世界累計8500万ダウンロード突破を<br>記念して毎日ネコカン20個プレゼント！(9/20まで)	7	0	1
20230901	1100	20230922	1100	120600	999999	0	0	80064	11009	0			7	0	0
20230903	1100	20230910	1100	120600	999999	0	0	5200	805	0			7	0	0
20230908	1100	20230915	1100	120600	999999	0	0	51357	985	0	「城とドラゴン」コラボ記念☆	「城とドラゴン」とのコラボを記念して<br>限定キャラクター「白にゃんこ剣士」「にゃんこチケット＋１」をプレゼント！	7	0	1
20230908	1100	20230918	1100	120600	999999	0	0	51360	827	0			7	0	0
20230918	000	20230919	000	120600	999999	0	0	2300	203	1	敬老の日記念☆	祝日感謝！敬老の日を記念して<br>レアチケット１枚をプレゼント！	7	0	0
20230922	000	20230923	000	120600	999999	0	0	2301	203	1	にゃんにゃん記念日☆	毎月22日はにゃんにゃん記念日！<br>大サービスで「レアチケット」を1枚プレゼント！	7	0	0
20230922	000	20230923	000	120600	999999	0	0	2302	220	1	にゃんにゃん記念日☆	毎月22日はにゃんにゃん記念日！<br>感謝の気持ちを込めて「リーダーシップ」を1枚プレゼント！	7	0	0
20230923	000	20230924	000	120600	999999	0	0	2303	203	1	秋分の日記念☆	祝日感謝！秋分の日を記念して<br>レアチケット１枚をプレゼント！	7	0	0
20231001	000	20231002	000	120600	999999	0	0	51361	828	0			7	0	4
20231001	000	20231002	000	120600	999999	0	0	51362	835	0			7	0	2
20231001	1100	20231009	1100	120600	999999	0	0	51363	833	0			300	0	0
20231001	1100	20231009	1100	120600	999999	0	0	51364	834	0			300	2	0
20231004	1100	20231018	1100	120700	999999	0	0	51365	954	0	「熱血！にゃんこ大運動会」イベント開催記念	「熱血硬派くにおくん」「花園高校番長りき」参戦！<br>毎日ログインで1日1回便利なアイテムをゲット！(10/18まで)	7	0	1
20231004	1100	20231018	1100	120700	999999	0	0	51366	830	0			7	0	0
20231004	1100	20231019	000	120700	999999	0	0	2304	200	20	8600万ダウンロード記念☆	感謝感激！世界累計8600万ダウンロード突破を<br>記念して毎日ネコカン20個プレゼント！(10/18まで)	7	0	1
20231009	000	20231010	000	120700	999999	0	0	2305	203	1	スポーツの日記念☆	祝日感謝！スポーツの日を記念して<br>レアチケット１枚をプレゼント！	7	0	0
20231016	1100	20231101	1100	120700	999999	0	0	5220	820	0			1	0	0
20231018	1100	20231023	1100	120700	999999	0	0	51368	827	0			7	0	0
20231018	1100	20231101	1100	120700	999999	0	0	51367	993	0	「初音ミク」コラボイベント開催記念スタンプ☆	イベント期間中にログインすると、1日1回スタンプを押してもらえるにゃ！<br>スタンプを貯めて便利なアイテムをゲット！(11/1まで)	7	0	1
20231018	1100	20231101	1100	120700	999999	0	0	80065	11016	0			7	0	0
20231022	000	20231023	000	120700	999999	0	0	2306	203	1	にゃんにゃん記念日☆	毎月22日はにゃんにゃん記念日！<br>大サービスで「レアチケット」を1枚プレゼント！	7	0	0
20231022	000	20231023	000	120700	999999	0	0	2307	220	1	にゃんにゃん記念日☆	毎月22日はにゃんにゃん記念日！<br>感謝の気持ちを込めて「リーダーシップ」を1枚プレゼント！	7	0	0
20231101	000	20231102	000	120700	999999	0	0	51369	828	0			7	0	4
20231101	000	20231102	000	120700	999999	0	0	51370	835	0			7	0	2
20231101	1100	20231104	1100	120700	999999	0	0	51372	833	0			300	0	0
20231101	1100	20231104	1100	120700	999999	0	0	51373	834	0			300	2	0
20231101	1100	20231115	1100	120700	999999	0	0	2308	200	20	8700万ダウンロード記念☆	感謝感激！世界累計8700万ダウンロード突破を<br>記念して毎日ネコカン20個プレゼント！(11/15まで)	7	0	1
20231101	1100	20231115	1100	120700	999999	0	0	51371	969	0	「メルクストーリア」コラボイベント開催記念スタンプ	イベント期間中にログインすると、１日１回スタンプを押してもらえるにゃ！<br>スタンプを貯めて便利なアイテムや限定キャラクターをゲット！！	7	0	1
20231101	1100	20231122	1100	120700	999999	0	0	80066	11004	0			7	0	0
20231103	000	20231104	000	120700	999999	0	0	2309	203	1	文化の日記念☆	祝日感謝！文化の日を記念して<br>レアチケット１枚をプレゼント！	7	0	0
20231108	000	20231109	000	120700	999999	0	0	51374	986	0	11周年カウントダウンログインボーナス☆	にゃんこ大戦争はおかげさまでもうすぐ11周年！<br>イベント開始まで毎日カウントダウン！いいものあげちゃうにゃ！	7	0	1
20231109	000	20231110	000	120700	999999	0	0	51375	987	0	11周年カウントダウンログインボーナス☆	にゃんこ大戦争はおかげさまでもうすぐ11周年！<br>イベント開始まで毎日カウントダウン！いいものあげちゃうにゃ！	7	0	1
20231110	000	20231111	000	120700	999999	0	0	51376	988	0	11周年カウントダウンログインボーナス☆	にゃんこ大戦争はおかげさまでもうすぐ11周年！<br>イベント開始まで毎日カウントダウン！いいものあげちゃうにゃ！	7	0	1
20231111	000	20231112	000	120700	999999	0	0	51377	989	0	11周年カウントダウンログインボーナス☆	にゃんこ大戦争はおかげさまでもうすぐ11周年！<br>イベント開始まで毎日カウントダウン！いいものあげちゃうにゃ！	7	0	1
20231112	000	20231113	000	120700	999999	0	0	51378	990	0	11周年カウントダウンログインボーナス☆	にゃんこ大戦争はおかげさまでもうすぐ11周年！<br>イベント開始まで毎日カウントダウン！いいものあげちゃうにゃ！	7	0	1
20231113	000	20231114	000	120700	999999	0	0	51379	991	0	11周年カウントダウンログインボーナス☆	にゃんこ大戦争はおかげさまでもうすぐ11周年！<br>イベント開始まで毎日カウントダウン！いいものあげちゃうにゃ！	7	0	1
20231114	000	20231115	000	120700	999999	0	0	51380	992	0	11周年カウントダウンログインボーナス☆	にゃんこ大戦争はおかげさまでもうすぐ11周年！<br>イベント開始まで毎日カウントダウン！いいものあげちゃうにゃ！	7	0	1
20231115	000	20231216	000	130000	999999	0	0	2310	201	10000	11周年記念！初心者応援ログインボーナス！	遊びに来てくれてうれしいにゃ～<br>ゲーム序盤の攻略に役立つ「XP+10,000」を期間限定でプレゼント中！	7	2	0
20231115	1100	20231129	1100	130000	999999	0	0	2311	301	0	←全画面告知の表示と同時に付与する		7	0	0	0	0
20231115	1100	20231129	1100	130000	999999	0	0	2312	302	0	←全画面告知の表示と同時に付与する		7	0	0	0	0
20231115	1100	20231129	1100	130000	999999	0	0	51384	836	0			7	0	0
20231115	1100	20231204	1100	130000	999999	0	0	51382	831	0			7	0	0
20231115	1100	20231204	1100	130000	999999	0	0	51383	832	0			7	0	0
20231115	1100	20231227	1100	130000	999999	0	0	5201	814	0			7	0	0
20231115	1100	20240318	1100	130000	999999	0	0	51381	994	0	わんわんアニバーサリー記念ログインスタンプ☆	11周年記念！30日間の大冒険！<br>大量のレアチケなどのアイテムを手に入れろ！(3/18まで)	7	0	1
20231115	1100	20300101	000	130000	999999	0	0	2311	301	0	←全画面告知の表示と同時に付与する		7	0	0
20231115	1100	20300101	000	130000	999999	0	0	2312	302	0	←全画面告知の表示と同時に付与する		7	0	0
20231122	000	20231123	000	130000	999999	0	0	2313	203	1	にゃんにゃん記念日☆	毎月22日はにゃんにゃん記念日！<br>大サービスで「レアチケット」を1枚プレゼント！	7	0	0
20231122	000	20231123	000	130000	999999	0	0	2314	220	1	にゃんにゃん記念日☆	毎月22日はにゃんにゃん記念日！<br>感謝の気持ちを込めて「リーダーシップ」を1枚プレゼント！	7	0	0
20231123	000	20231124	000	130000	999999	0	0	2315	203	1	勤労感謝の日記念☆	祝日感謝！勤労感謝の日を記念して<br>レアチケット１枚をプレゼント！	7	0	0
20231129	1100	20231213	1100	130000	999999	0	0	2316	301	0	←全画面告知の表示と同時に付与する		7	0	0	0	0
20231129	1100	20231213	1100	130000	999999	0	0	2317	302	0	←全画面告知の表示と同時に付与する		7	0	0	0	0
20231129	1100	20231227	1100	130000	999999	0	0	51385	829	0			7	0	0
20231129	1100	20240103	1100	130000	999999	0	0	80067	11025	0			7	0	0
20231129	1100	20300101	000	130000	999999	0	0	2316	301	0	←全画面告知の表示と同時に付与する		7	0	0
20231129	1100	20300101	000	130000	999999	0	0	2317	302	0	←全画面告知の表示と同時に付与する		7	0	0
20231201	000	20231202	000	130000	999999	0	0	51386	828	0			7	0	4
20231201	000	20231202	000	130000	999999	0	0	51387	835	0			7	0	2
20231202	1100	20231208	1100	130000	999999	0	0	2318	203	1	Google Play ベスト オブ 2023	ゲーム オンゴーイング部門 部門賞受賞を記念して<br>レアチケット1枚をプレゼント！	7	0	0	0	0
20231204	1100	20231227	1100	130000	999999	0	0	51388	831	0			7	0	0
20231204	1100	20231227	1100	130000	999999	0	0	51389	832	0			7	0	0
20231213	1100	20231228	000	130000	999999	0	0	2319	200	20	8800万ダウンロード記念☆	感謝感激！世界累計8800万ダウンロード突破を<br>記念して毎日ネコカン20個プレゼント！(12/27まで)	7	0	1
20231213	1100	20240101	0	130000	999999	0	0	2320	301	0	←全画面告知の表示と同時に付与する		7	0	0	0	0
20231213	1100	20240101	0	130000	999999	0	0	2321	302	0	←全画面告知の表示と同時に付与する		7	0	0	0	0
20231213	1100	20300101	000	130000	999999	0	0	2320	301	0	←全画面告知の表示と同時に付与する		7	0	0
20231213	1100	20300101	000	130000	999999	0	0	2321	302	0	←全画面告知の表示と同時に付与する		7	0	0
20231222	000	20231223	000	130000	999999	0	0	2322	203	1	にゃんにゃん記念日☆	毎月22日はにゃんにゃん記念日！<br>大サービスで「レアチケット」を1枚プレゼント！	7	0	0
20231222	000	20231223	000	130000	999999	0	0	2323	220	1	にゃんにゃん記念日☆	毎月22日はにゃんにゃん記念日！<br>感謝の気持ちを込めて「リーダーシップ」を1枚プレゼント！	7	0	0
20231224	000	20231225	000	130000	999999	0	0	2324	203	1	メリークリスマス☆	メリークリスマス！ホワイトにゃんこからの贈り物！！<br>ユーザー全員にレアチケット1枚をプレゼント！	7	0	0
20231225	000	20231226	000	130000	999999	0	0	2325	203	1	メリークリスマス☆	メリークリスマス！ホワイトにゃんこからの贈り物！！<br>ユーザー全員にレアチケット1枚をプレゼント！	7	0	0
20231227	1100	20240115	1100	130100	999999	0	0	51390	906	0	年末年始イベント開催記念スタンプ☆	年末年始イベントを記念して特別ボーナス！<br>毎日ログインして特番をチェック！1日1回便利なアイテムをゲットしよう！(1/15まで)	7	0	1
20231228	1200	20240112	000	130100	999999	0	0	2326	200	100	「ネコ道場」11周年記念イベントキャンペーン	イベント参加人数が100000人を突破したので、「ネコカン」を100個プレゼント！<br>たくさん参加してくれてありがとうにゃ～！	7	0	0
20240101	0	20240308	1100	130100	999999	0	0	2327	301	0	←全画面告知の表示と同時に付与する		7	0	0	0	0
20240101	0	20240308	1100	130100	999999	0	0	2328	302	0	←全画面告知の表示と同時に付与する		7	0	0	0	0
20240101	000	20240102	000	130100	999999	0	0	2329	203	1	謹賀新年☆2024	元日から遊んでくれてありがとうにゃ♪<br>今日だけ特別！レアチケット１枚をプレゼント！	7	0	0
20240101	000	20240102	000	130100	999999	0	0	51395	828	0			7	0	4
20240101	000	20240102	000	130100	999999	0	0	51396	835	0			7	0	2
20240101	000	20240115	1100	130100	999999	0	0	51392	830	0			7	0	0
20240101	000	20240115	1100	130100	999999	0	0	51393	833	0			300	0	0
20240101	000	20240115	1100	130100	999999	0	0	51394	834	0			300	2	0
20240101	000	20300101	000	130100	999999	0	0	2327	301	0	←全画面告知の表示と同時に付与する		7	0	0
20240101	000	20300101	000	130100	999999	0	0	2328	302	0	←全画面告知の表示と同時に付与する		7	0	0
20240103	1100	20240129	1100	130100	999999	0	0	51397	35004	0	にゃんこTV5周年記念スタンプ☆	にゃんこTV5周年を記念して特別ボーナス！<br>毎日ログインして1日1回便利なアイテムをゲットしよう！(1/29まで)	7	0	1
20240108	000	20240109	000	130100	999999	0	0	2330	203	1	成人の日記念☆	祝日感謝！成人の日を記念して<br>レアチケット１枚をプレゼント！	7	0	0
20240115	1100	20240122	1100	130100	999999	0	0	51399	827	0			7	0	0
20240115	1100	20240129	1100	130100	999999	0	0	51398	35003	0	「メタルスラッグ アタック」コラボイベント開催記念スタンプ	イベント期間中にログインすると、1日1回スタンプを押してもらえるにゃ！<br>スタンプを貯めてレアチケや便利なアイテムをゲット！(1/29まで)	7	0	1
20240115	1100	20240205	1100	130100	999999	0	0	80068	11012	0			7	0	0
20240115	1100	20240210	1100	130100	999999	0	0	90005	33000	0			1300	0	0
20240122	000	20240123	000	130100	999999	0	0	2331	203	1	にゃんにゃん記念日☆	毎月22日はにゃんにゃん記念日！<br>大サービスで「レアチケット」を1枚プレゼント！	7	0	0
20240122	000	20240123	000	130100	999999	0	0	2332	220	1	にゃんにゃん記念日☆	毎月22日はにゃんにゃん記念日！<br>感謝の気持ちを込めて「リーダーシップ」を1枚プレゼント！	7	0	0
20240129	1100	20240212	1100	130100	999999	0	0	2333	200	20	8900万ダウンロード記念☆	感謝感激！世界累計8900万ダウンロード突破を<br>記念して毎日ネコカン20個プレゼント！(2/12まで)	7	0	1
20240129	1100	20240212	1100	130100	999999	0	0	51400	959	0	春節イベント記念☆	イベント期間中にログインすると、１日１回スタンプを押してもらえるにゃ！<br>スタンプを貯めて便利なアイテムをゲット！	7	0	1
20240129	1100	20240212	1100	130100	999999	0	0	51401	803	0			7	0	0
20240129	1100	20240212	1100	130100	999999	0	0	51402	837	0			7	0	0
20240201	000	20240202	000	130100	999999	0	0	51403	828	0			7	0	4
20240201	000	20240202	000	130100	999999	0	0	51404	835	0			7	0	2
20240201	1100	20240204	1100	130100	999999	0	0	51405	833	0			300	0	0
20240201	1100	20240204	1100	130100	999999	0	0	51406	834	0			300	2	0
20240211	000	20240212	000	130100	999999	0	0	2334	203	1	建国記念日記念☆	祝日感謝！建国記念日を記念して<br>レアチケット１枚をプレゼント！	7	0	0
20240212	1100	20240226	1100	130200	999999	0	0	51407	35002	0	バレンタインイベント開催記念☆	1日1個、バレンタインのプレゼント！<br>毎日ログインして、ちょっぴり甘～い贈り物を受け取ろう！(2/26まで)	7	0	1
20240212	1100	20240226	1100	130200	999999	0	0	5200	805	0			7	0	0
20240212	1100	20240226	1100	130200	999999	0	0	5220	820	0			1	0	0
20240214	000	20240215	000	130200	999999	0	0	2335	203	1	バレンタインイベント開催記念☆	にゃんこからの大本命チョコ！！！<br>なんとレアチケットをプレゼント！	7	0	0
20240216	1100	20240219	1100	130200	999999	0	0	51408	827	0			7	0	0
20240222	000	20240229	000	130200	999999	0	0	51409	35006	0	スーパーにゃんにゃん記念日☆	2月22日は年に一度のスーパーにゃんにゃん記念日！<br>特別大サービス！レアチケット＆リーダーシップを2個ずつプレゼント！	7	0	1
20240222	1100	20240229	1059	130200	999999	0	0	51410	960	0	「ネコたちの大逆襲」イベント特別記念スタンプ	ネコたちの大逆襲イベント開催中！<br>スタンプを貯めて便利なアイテムをゲット！！襲い来る敵に備えよ…！！(2/29まで)	7	0	1	0	0
20240223	000	20240224	000	130200	999999	0	0	2336	203	1	祝日感謝☆	祝日感謝！今日だけ特別大サービス！<br>レアチケット１枚をプレゼント！	7	0	0
20240226	1100	20240311	1100	130200	999999	0	0	51411	35005	0	9000万ダウンロード記念☆	イベント期間中にログインすると、1日1回スタンプを押してもらえるにゃ！<br>最大でレアチケ4枚、にゃんチケ5枚の合計9枚をゲット！(3/11まで)	7	0	1
20240226	1100	20240311	1100	130200	999999	0	0	51412	830	0			7	0	0
20240226	1100	20240311	1100	130200	999999	0	0	51413	833	0			300	0	0
20240226	1100	20240311	1100	130200	999999	0	0	51414	834	0			300	2	0
20240226	1100	20240311	1100	130200	999999	0	0	51415	837	0			7	0	0
20240226	1100	20240311	1100	130200	999999	0	0	51416	836	0			7	0	0
20240226	1100	20240318	1100	130200	999999	0	0	80069	11026	0			7	0	0
20240301	000	20240302	000	130200	999999	0	0	51417	828	0			7	0	4
20240301	000	20240302	000	130200	999999	0	0	51418	835	0			7	0	2
20240304	1100	20240401	1100	130200	999999	0	0	51419	974	0	「トキメキにゃんこ学園」学園生活応援スタンプ☆	にゃんこ学園イベントを記念して特別ボーナス！<br>恋も勉強も両立！伝説のラブレターを集めて学園生活を充実させよう！（4/1まで）	7	0	1	0	0
20240304	1100	20240401	1100	130200	999999	0	0	5203	838	0			7	0	0
20240305	700	20240401	900	130200	999999	0	1	0	0	0	1	700	900	51420	973	0	「トキメキにゃんこ学園」生徒出席簿	トキメキにゃんこ学園イベントを記念して特別ボーナス！めざせ無遅刻無欠席！<br>毎朝7時～9時限定で出席確認！ログインでアイテムプレゼント！（4/1まで）	7	0	1	0	0
20240308	1100	20240309	0	130200	999999	0	0	2340	0	1	ホワイトデー記念☆	ホワイトデーを記念して3/14まで毎日アイテムプレゼント！<br>バレンタインのお返しにとてもいいものがもらえる予感…！？	7	0	0	0	0
20240308	1100	20240417	1100	130200	999999	0	0	2337	301	0	←全画面告知の表示と同時に付与する		7	0	0	0	0
20240308	1100	20240417	1100	130200	999999	0	0	2338	302	0	←全画面告知の表示と同時に付与する		7	0	0	0	0
20240308	1100	20300101	000	130200	999999	0	0	2337	301	0	←全画面告知の表示と同時に付与する		7	0	0
20240308	1100	20300101	000	130200	999999	0	0	2338	302	0	←全画面告知の表示と同時に付与する		7	0	0
20240309	000	20240310	000	130200	999999	0	0	2341	1	1	ホワイトデー記念☆	「ホワイトデーガチャ」開催記念！3/14まで毎日アイテムプレゼント！	7	0	0
20240310	000	20240311	000	130200	999999	0	0	2342	5	1	ホワイトデー記念☆	「ホワイトデーガチャ」開催記念！3/14まで毎日アイテムプレゼント！	7	0	0
20240311	000	20240312	000	130200	999999	0	0	2343	200	10	ホワイトデー記念☆	「ホワイトデーガチャ」に登場中の恋番長・鬼にゃんまからちょっと早めのお返し！<br>なんと「ネコカン10個」をプレゼント！	7	0	0
20240311	1100	20240401	1100	130200	999999	0	0	2339	203	5	9000万DL記念チャレンジ☆	合計クリア人数が30万人を突破したので「レアチケット」を5枚プレゼント！<br>たくさん参加してくれてありがとうにゃ～！	7	0	0
20240312	000	20240313	000	130200	999999	0	0	2344	200	20	ホワイトデー記念☆	「ホワイトデーガチャ」に登場中の白執事探偵ヴィグラーからちょっと早めのお返し！<br>なんと「ネコカン20個」をプレゼント！	7	0	0
20240313	000	20240314	000	130200	999999	0	0	2345	200	30	ホワイトデー記念☆	「ホワイトデーガチャ」に登場中のネコアイスホワイトスターからちょっと早めのお返し！<br>なんと「ネコカン30個」をプレゼント！	7	0	0
20240314	000	20240315	000	130200	999999	0	0	2346	203	1	ホワイトデー記念☆	にゃんこから大本命のお返し！なんと「レアチケット1枚」をプレゼント！	7	0	0
20240316	1100	20240325	1100	130200	999999	0	0	51421	827	0			7	0	0
20240320	000	20240321	000	130200	999999	0	0	2347	203	1	春分の日記念☆	祝日感謝！春分の日を記念して<br>レアチケット1枚をプレゼント！	7	0	0
20240322	000	20240323	000	130200	999999	0	0	2348	203	1	にゃんにゃん記念日☆	毎月22日はにゃんにゃん記念日！<br>大サービスで「レアチケット」を1枚プレゼント！	7	0	0
20240322	000	20240323	000	130200	999999	0	0	2349	220	1	にゃんにゃん記念日☆	毎月22日はにゃんにゃん記念日！<br>感謝の気持ちを込めて「リーダーシップ」を1枚プレゼント！	7	0	0
20240401	000	20240402	000	130200	999999	0	0	51422	828	0			7	0	4
20240401	000	20240402	000	130200	999999	0	0	51423	835	0			7	0	2
20240401	000	20240402	000	130300	999999	0	0	2350	202	1	「バチェニャーCATS」配信決定！	にゃんこ初の恋愛リアリティー番組が配信決定！これを記念して<br>「にゃんこチケット」を1枚プレゼント！(詳細は公式SNSをチェック！)	7	0	0
20240401	1100	20240404	1100	130300	999999	0	0	51426	833	0			300	0	0
20240401	1100	20240404	1100	130300	999999	0	0	51427	834	0			300	2	0
20240401	1100	20240415	1100	130300	999999	0	0	2351	200	20	9100万ダウンロード記念☆	感謝感激！世界累計9100万ダウンロード突破を<br>記念して毎日ネコカン20個プレゼント！(4/15まで)	7	0	1
20240401	1100	20240415	1100	130300	999999	0	0	51425	837	0			7	0	0
20240401	1100	20240417	1100	130300	999999	0	0	51424	979	0	イースターイベント参加記念☆	1日1個見つかるイースターエッグの中から何が出てくる！？<br>毎日ログインして便利なアイテムをゲットしよう！(4/17まで)	7	0	1
20240401	1100	20240422	1100	130300	999999	0	0	80070	11000	0			7	0	0
20240412	1100	20240417	1100	130300	999999	0	0	51428	827	0			7	0	0
20240417	1100	20240501	1100	130300	999999	0	0	2352	301	0	←全画面告知の表示と同時に付与する		7	0	0
20240417	1100	20240501	1100	130300	999999	0	0	2353	302	0	←全画面告知の表示と同時に付与する		7	0	0
20240417	1100	20240501	1100	130300	999999	0	0	51432	831	0			7	0	0
20240417	1100	20240501	1100	130300	999999	0	0	51433	832	0			7	0	0
20240417	1100	20240501	1100	130300	999999	0	0	51434	836	0			7	0	0
20240417	1100	20240515	1100	130300	999999	0	0	51430	828	0			7	0	4
20240417	1100	20240515	1100	130300	999999	0	0	51431	835	0			7	0	2
20240417	1100	20240515	1100	130300	999999	0	0	51435	35007	0	「神さま電話相談室」開催記念☆	運が良ければ神さまと直接通話できるかも！？<br>キャンペーン開催を記念して「神様」と「にゃんこチケット」をプレゼント！	7	0	1
20240417	1100	20240515	1100	130300	999999	0	0	5201	814	0			7	0	0
20240417	1100	20241015	1100	130300	999999	0	0	51429	981	0	11と1/2周年記念イベント開催記念スタンプ☆	イベント期間中にログインすると、1日1回スタンプを押してもらえるにゃ！<br>スタンプを貯めて便利なアイテムをゲット！！(10/15まで)	7	0	1
20240422	000	20240423	000	130300	999999	0	0	2354	203	1	にゃんにゃん記念日☆	毎月22日はにゃんにゃん記念日！<br>大サービスで「レアチケット」を1枚プレゼント！	7	0	0
20240422	000	20240423	000	130300	999999	0	0	2355	220	1	にゃんにゃん記念日☆	毎月22日はにゃんにゃん記念日！<br>感謝の気持ちを込めて「リーダーシップ」を1枚プレゼント！	7	0	0
20240424	1100	20240522	1100	130300	999999	0	0	80071	11025	0			7	0	0
20240429	000	20240430	000	130300	999999	0	0	2356	203	1	昭和の日記念☆	祝日感謝！昭和の日を記念して<br>レアチケット1枚をプレゼント！	7	0	0
20240501	1100	20240515	1100	130300	999999	0	0	51436	831	0			7	0	0
20240501	1100	20240515	1100	130300	999999	0	0	51437	832	0			7	0	0
20240501	1100	20240515	1100	130300	999999	0	0	51438	829	0			7	0	0
20240501	1100	20240722	1100	130300	999999	0	0	2357	301	0	←全画面告知の表示と同時に付与する		7	0	0	0	0
20240501	1100	20240722	1100	130300	999999	0	0	2358	302	0	←全画面告知の表示と同時に付与する		7	0	0	0	0
20240501	1100	20300101	000	130300	999999	0	0	2357	301	0	←全画面告知の表示と同時に付与する		7	0	0
20240501	1100	20300101	000	130300	999999	0	0	2358	302	0	←全画面告知の表示と同時に付与する		7	0	0
20240503	000	20240504	000	130300	999999	0	0	2359	203	1	憲法記念日記念☆	祝日感謝！憲法記念日を記念してレアチケット1枚をプレゼント！<br>明日も祝日☆明日もレアチケをプレゼント☆	7	0	0
20240504	000	20240505	000	130300	999999	0	0	2360	203	1	みどりの日記念☆	祝日感謝！みどりの日を記念してレアチケット1枚をプレゼント！<br>明日も祝日☆明日もレアチケをプレゼント☆	7	0	0
20240505	000	20240506	000	130300	999999	0	0	2361	203	1	こどもの日記念☆	祝日感謝！こどもの日を記念して<br>レアチケット1枚をプレゼント！	7	0	0
20240515	1100	20240529	1100	130300	999999	0	0	2362	200	20	9200万ダウンロード記念☆	感謝感激！世界累計9200万ダウンロード突破を<br>記念して毎日ネコカン20個プレゼント！(5/29まで)	7	0	1
20240515	1100	20240529	1100	130300	999999	0	0	51439	837	0			7	0	0
20240517	1100	20240520	1100	130300	999999	0	0	51440	827	0			7	0	0
20240522	000	20240523	000	130300	999999	0	0	2363	203	1	にゃんにゃん記念日☆	毎月22日はにゃんにゃん記念日！<br>大サービスで「レアチケット」を1枚プレゼント！	7	0	0
20240522	000	20240523	000	130300	999999	0	0	2364	220	1	にゃんにゃん記念日☆	毎月22日はにゃんにゃん記念日！<br>感謝の気持ちを込めて「リーダーシップ」を1枚プレゼント！	7	0	0
20240523	1100	20240606	1100	130400	999999	0	0	51441	35009	0	「るろうに剣心」コラボイベント開催記念スタンプ	イベント期間中にログインすると、1日1回スタンプを押してもらえるにゃ！<br>スタンプを貯めて便利なアイテムや限定キャラクターをゲット！(6/6まで)	7	0	1
20240523	1100	20240606	1100	130400	999999	0	0	51442	836	0			7	0	0
20240523	1100	20240613	1100	130400	999999	0	0	80072	11027	0			7	0	0
20240527	1100	20240617	1100	130401	999999	0	0	2365	220	3	アップデートによる「動画広告視聴機能」不具合のお詫び	バージョン13.4.0の不具合のお詫びとしてリーダーシップが3枚送られました。<br>詳細はアプリ内「運営からのお知らせ」をご確認ください。	1	0	0	0	0
20240601	000	20240602	000	130400	999999	0	0	51443	828	0			7	0	4
20240601	000	20240602	000	130400	999999	0	0	51444	835	0			7	0	2
20240601	1100	20240611	1100	130400	999999	0	0	51445	833	0			300	0	0
20240601	1100	20240611	1100	130400	999999	0	0	51446	834	0			300	2	0
20240606	1100	20240627	1100	130401	999999	0	0	51447	965	0	「悪魔のジューンブライド」参列記念！	イベント期間中、1日1回結婚式の引き出物を受け取れるにゃ！<br>毎日参列して、様々な記念品をゲットしよう！(6/27まで)	7	0	1
20240613	1100	20240709	1100	130401	999999	0	0	90006	33000	0			1300	0	0
20240621	1100	20240627	1100	130401	999999	0	0	51448	827	0			7	0	0
20240622	000	20240623	000	130401	999999	0	0	2366	203	1	にゃんにゃん記念日☆	毎月22日はにゃんにゃん記念日！<br>大サービスで「レアチケット」を1枚プレゼント！	7	0	0
20240622	000	20240623	000	130401	999999	0	0	2367	220	1	にゃんにゃん記念日☆	毎月22日はにゃんにゃん記念日！<br>感謝の気持ちを込めて「リーダーシップ」を1枚プレゼント！	7	0	0
20240627	1100	20240711	1100	130500	999999	0	0	2368	200	20	9300万ダウンロード記念☆	感謝感激！世界累計9300万ダウンロード突破を<br>記念して毎日ネコカン20個プレゼント！(7/11まで)	7	0	1
20240627	1100	20240711	1100	130500	999999	0	0	51449	837	0			7	0	0
20240701	000	20240702	000	130500	999999	0	0	51450	828	0			7	0	4
20240701	000	20240702	000	130500	999999	0	0	51451	835	0			7	0	2
20240701	1100	20240708	1100	130500	999999	0	0	51452	833	0			300	0	0	0	0
20240701	1100	20240708	1100	130500	999999	0	0	51453	834	0			300	2	0	0	0
20240708	1100	20240722	1100	130500	999999	0	0	51454	35012	0	「消滅都市」コラボイベント復刻開催記念スタンプ	イベント期間中にログインすると、1日1回スタンプを押してもらえるにゃ！<br>スタンプを貯めて便利なアイテムや限定キャラクターをゲット！！	7	0	1
20240712	1100	20240722	1100	130500	999999	0	0	51455	827	0			7	0	0
20240715	000	20240716	000	130500	999999	0	0	2369	203	1	海の日記念☆	祝日感謝！海の日を記念して<br>レアチケット1枚をプレゼント！	7	0	0
20240722	000	20240723	000	130500	999999	0	0	2370	203	1	にゃんにゃん記念日☆	毎月22日はにゃんにゃん記念日！<br>大サービスで「レアチケット」を1枚プレゼント！	7	0	0
20240722	000	20240723	000	130500	999999	0	0	2371	220	1	にゃんにゃん記念日☆	毎月22日はにゃんにゃん記念日！<br>感謝の気持ちを込めて「リーダーシップ」を1枚プレゼント！	7	0	0
20240722	1100	20240805	1100	130500	999999	0	0	51460	837	0			7	0	0
20240722	1100	20240806	000	130500	999999	0	0	2374	200	20	9400万ダウンロード記念☆	感謝感激！世界累計9400万ダウンロード突破を<br>記念して毎日ネコカン20個プレゼント！(8/5まで)	7	0	1
20240722	1100	20240812	1100	130500	999999	0	0	51459	830	0			7	0	0
20240722	1100	20240819	1100	130500	999999	0	0	51456	35010	0	「ねこのなつやすみ」自由研究応援スタンプ☆	なつやすみイベントを記念して特別ボーナス！<br>虫取り網でたくさん虫を捕まえて、自由研究を進めよう！（8/19まで）	7	0	1
20240722	1100	20240819	1100	130500	999999	0	0	80073	11028	0			7	0	0
20240722	1100	20240902	1100	130500	999999	0	0	51458	803	0			7	0	0
20240722	1100	20240930	1100	130500	999999	0	0	2372	301	0	←全画面告知の表示と同時に付与する		7	0	0	0	0
20240722	1100	20240930	1100	130500	999999	0	0	2373	302	0	←全画面告知の表示と同時に付与する		7	0	0	0	0
20240722	1100	20300101	000	130500	999999	0	0	2372	301	0	←全画面告知の表示と同時に付与する		7	0	0
20240722	1100	20300101	000	130500	999999	0	0	2373	302	0	←全画面告知の表示と同時に付与する		7	0	0
20240723	600	20240819	800	130500	999999	0	1	0	0	0	1	600	800	51457	35011	0	 「ねこのなつやすみ」ラジオ体操出席カード	なつやすみイベントを記念して特別ボーナス！<br>毎朝6時～8時限定でアイテムプレゼント！（8/19まで）	7	0	1	0	0
20240801	000	20240802	000	130500	999999	0	0	51461	828	0			7	0	4
20240801	000	20240802	000	130500	999999	0	0	51462	835	0			7	0	2
20240801	1100	20240808	1100	130500	999999	0	0	51464	833	0			300	0	0
20240801	1100	20240808	1100	130500	999999	0	0	51465	834	0			300	2	0
20240805	1100	20240902	1100	130500	999999	0	0	51466	836	0			7	0	0
20240811	000	20240812	000	130500	999999	0	0	2375	203	1	山の日記念☆	祝日感謝！山の日を記念して<br>レアチケット1枚をプレゼント！	7	0	0
20240812	1100	20240902	1100	130500	999999	0	0	51467	830	0			7	0	0
20240813	1100	20240819	1100	130500	999999	0	0	51468	827	0			7	0	0
20240819	1100	20240901	1100	130600	999999	0	0	51470	843	0			7	0	0
20240819	1100	20240902	1100	130600	999999	0	0	51469	35015	0	「ねこのなつやすみ」サバイバル編突入記念スタンプ☆	なつやすみイベント・サバイバル編突入を記念して特別ボーナス！<br>罠を使って食料をゲット！サバイバル生活を乗り越えよう！（9/2まで）	7	0	1
20240819	1100	20240909	1100	130600	999999	0	0	80074	11007	0			7	0	0
20240822	000	20240823	000	130600	999999	0	0	2376	203	1	にゃんにゃん記念日☆	毎月22日はにゃんにゃん記念日！<br>大サービスで「レアチケット」を1枚プレゼント！	7	0	0
20240822	000	20240823	000	130600	999999	0	0	2377	220	1	にゃんにゃん記念日☆	毎月22日はにゃんにゃん記念日！<br>感謝の気持ちを込めて「リーダーシップ」を1枚プレゼント！	7	0	0
20240901	000	20240902	000	130600	999999	0	0	51471	828	0			7	0	4
20240901	000	20240902	000	130600	999999	0	0	51472	835	0			7	0	2
20240902	1100	20240909	1100	130600	999999	0	0	51474	833	0			300	0	0
20240902	1100	20240909	1100	130600	999999	0	0	51475	834	0			300	2	0
20240902	1100	20240916	1100	130600	999999	0	0	51473	35016	0	「ビックリマン」コラボ記念ログインスタンプ☆	イベント期間中にログインすると、1日1回スタンプを押してもらえるにゃ！<br>スタンプを貯めて便利なアイテムをゲット！(9/16まで)	7	0	1
20240909	1100	20240930	1100	130600	999999	0	0	51476	35018	0	9500万ダウンロード記念☆	イベント期間中にログインすると、1日1回スタンプを押してもらえるにゃ！<br>毎日ログインして最大でネコカン280個ゲット！(9/30まで)	7	0	1
20240909	1100	20240930	1100	130600	999999	0	0	51477	837	0			7	0	0
20240909	1100	20240930	1100	130600	999999	0	0	51478	836	0			7	0	0
20240916	000	20240917	000	130600	999999	0	0	2378	203	1	敬老の日記念☆	祝日感謝！敬老の日を記念して<br>レアチケット１枚をプレゼント！	7	0	0
20240916	1100	20240930	1100	130600	999999	0	0	51479	906	0	シルバーウィークイベント開催記念スタンプ☆	イベント期間中にログインすると、1日1回スタンプを押してもらえるにゃ！<br>スタンプを貯めて便利なアイテムをゲット！！(9/30まで)	7	0	1
20240920	1100	20240923	1100	130600	999999	0	0	51480	827	0			7	0	0
20240922	000	20240923	000	130600	999999	0	0	2379	203	1	にゃんにゃん記念日☆	毎月22日はにゃんにゃん記念日！<br>大サービスで「レアチケット」を1枚プレゼント！	7	0	0
20240922	000	20240923	000	130600	999999	0	0	2380	220	1	にゃんにゃん記念日☆	毎月22日はにゃんにゃん記念日！<br>感謝の気持ちを込めて「リーダーシップ」を1枚プレゼント！	7	0	0
20240922	000	20240923	000	130600	999999	0	0	2381	203	1	秋分の日記念☆	祝日感謝！秋分の日を記念して<br>レアチケット1枚をプレゼント！	7	0	0
20240930	1100	20241008	1100	130700	999999	0	0	51483	833	0			300	0	0
20240930	1100	20241008	1100	130700	999999	0	0	51484	834	0			300	2	0
20240930	1100	20241014	1100	130700	999999	0	0	51482	954	0	「熱血！にゃんこ大運動会」イベント開催記念	「熱血硬派くにおくん」「花園高校番長りき」参戦！<br>毎日ログインで1日1回便利なアイテムをゲット！(10/14まで)	7	0	1
20240930	1100	20241014	1100	130700	999999	0	0	51485	830	0			7	0	0
20240930	1100	20300101	000	130700	999999	0	0	2382	301	0	←全画面告知の表示と同時に付与する		7	0	0
20240930	1100	20300101	000	130700	999999	0	0	2383	302	0	←全画面告知の表示と同時に付与する		7	0	0
20241001	000	20241002	000	130700	999999	0	0	51486	828	0			7	0	4
20241001	000	20241002	000	130700	999999	0	0	51487	835	0			7	0	2
20241004	1100	20241030	1100	130700	999999	0	0	90007	33000	0			1300	0	0
20241007	1100	20241021	1100	130700	999999	0	0	51488	35018	0	9600万ダウンロード記念☆	イベント期間中にログインすると、1日1回スタンプを押してもらえるにゃ！<br>毎日ログインして最大でネコカン280個ゲット！(10/21まで)	7	0	1
20241007	1100	20241021	1100	130700	999999	0	0	51489	837	0			7	0	0
20241014	000	20241015	000	130700	999999	0	0	2386	203	1	スポーツの日記念☆	祝日感謝！スポーツの日を記念して<br>レアチケット1枚をプレゼント！	7	0	0
20241014	1100	20241101	1100	130700	999999	0	0	51491	836	0			7	0	0
20241014	1100	20241101	1100	130700	999999	0	0	5200	805	0			7	0	0
20241014	1100	20241101	1100	130700	999999	0	0	5220	820	0			1	0	0
20241018	1100	20241021	1100	130700	999999	0	0	51492	827	0			7	0	0
20241021	1100	20241108	1100	130701	999999	0	0	2392	433	30	イベント不具合のお詫び	「ハロウィンパーティ」イベント不具合のお詫びで伝説の魂30個が送られました。<br>詳細はアプリ内「運営からのお知らせ」をご確認ください。	7	0	0
20241021	1100	20241108	1100	130701	999999	0	0	2393	202	1	イベント不具合のお詫び	「ハロウィンパーティ」イベント不具合のお詫びでにゃんこチケット1枚が送られました。<br>詳細はアプリ内「運営からのお知らせ」をご確認ください。	7	0	0
20241021	1100	20241108	1100	130701	999999	0	0	2394	203	1	イベント不具合のお詫び	「ハロウィンパーティ」イベント不具合のお詫びでレアチケット1枚が送られました。<br>詳細はアプリ内「運営からのお知らせ」をご確認ください。	7	0	0
20241021	1100	20241108	1100	130701	999999	0	0	51490	35020	0	ハロウィンパーティー参加記念☆	トリックオアトリート！<br>1日1個手に入るのは、お菓子かそれとも…！？(11/8まで)	7	0	1	0	0
20241022	0	20300101	0	130700	999999	0	1	0	1	22	0	0	2387	203	1	にゃんにゃん記念日☆	毎月22日はにゃんにゃん記念日！<br>大サービスで「レアチケット」を1枚プレゼント！	7	0	1	0	0
20241022	0	20300101	0	130700	999999	0	1	0	1	22	0	0	2388	220	1	にゃんにゃん記念日☆	毎月22日はにゃんにゃん記念日！<br>感謝の気持ちを込めて「リーダーシップ」を1枚プレゼント！	7	0	1	0	0
20241025	1100	20241115	1100	130700	999999	0	0	2389	201	10000	スタートダッシュ！！ログインボーナス☆	日本編クリアを応援！キャラクターの育成に役立つアイテムを毎日プレゼント！<br>12周年記念イベントに向けて、にゃんこ軍団の戦力をアップしよう！(11/15まで)	300	2	1
20241101	000	20241102	000	130700	999999	0	0	51493	828	0			7	0	4
20241101	000	20241102	000	130700	999999	0	0	51494	835	0			7	0	2
20241101	1100	20241104	1100	130700	999999	0	0	51496	833	0			300	0	0
20241101	1100	20241104	1100	130700	999999	0	0	51497	834	0			300	2	0
20241101	1100	20241115	1100	130700	999999	0	0	2391	270	1	ハロウィンチャレンジ☆	合計クリア人数が50万人を突破したので「プラチナのかけら」を1個プレゼント！<br>たくさん参加してくれてありがとうにゃ～！	7	0	0
20241101	1100	20241115	1100	130700	999999	0	0	51495	969	0	「メルクストーリア」コラボイベント開催記念スタンプ	イベント期間中にログインすると、1日1回スタンプを押してもらえるにゃ！<br>スタンプを貯めて便利なアイテムや限定キャラクターをゲット！！	7	0	1
20241101	1100	20241122	1100	130700	999999	0	0	80075	11004	0			7	0	0
20241103	000	20241104	000	130700	999999	0	0	2390	203	1	文化の日記念☆	祝日感謝！文化の日を記念して<br>レアチケット1枚をプレゼント！	7	0	0
20241110	1100	20241115	1100	140000	999999	0	0	51498	827	0			7	0	0
